{
  "judge": "anthropic/claude-haiku-4-5-20251001",
  "answer_model": "openai/gpt-5.4",
  "git_sha": "12b4844",
  "timestamp": "2026-05-28T21:51:56.867016+00:00",
  "suites": {
    "rag": {
      "contextual_precision_mean": 1.0,
      "contextual_precision_std": 0.0,
      "contextual_precision_min": 1.0,
      "contextual_precision_max": 1.0,
      "answer_relevancy_mean": 0.9851851851851852,
      "answer_relevancy_std": 0.05737753105492469,
      "answer_relevancy_min": 0.7777777777777778,
      "answer_relevancy_max": 1.0,
      "n_scored": 12,
      "n_skipped": 0
    },
    "adversarial": {
      "faithfulness_mean": 0.9880952380952381,
      "faithfulness_std": 0.04219058368254607,
      "faithfulness_min": 0.8333333333333334,
      "faithfulness_max": 1.0,
      "relevancy_mean": 0.5601318239327289,
      "relevancy_std": 0.40610936209695936,
      "relevancy_min": 0.0,
      "relevancy_max": 1.0,
      "n_scored": 26,
      "n_skipped": 0
    }
  }
}
