{
  "judge": "anthropic/claude-haiku-4-5-20251001",
  "answer_model": "openai/gpt-5.4",
  "git_sha": "2d1b131",
  "timestamp": "2026-05-21T09:33:28.029234+00:00",
  "suites": {
    "rag": {
      "contextual_precision_mean": 1.0,
      "contextual_precision_std": 0.0,
      "contextual_precision_min": 1.0,
      "contextual_precision_max": 1.0,
      "answer_relevancy_mean": 0.9851851851851852,
      "answer_relevancy_std": 0.05737753105492469,
      "answer_relevancy_min": 0.7777777777777778,
      "answer_relevancy_max": 1.0,
      "n_scored": 12,
      "n_skipped": 0
    },
    "adversarial": {
      "faithfulness_mean": 0.9523809523809523,
      "faithfulness_std": 0.08247860988423228,
      "faithfulness_min": 0.8571428571428571,
      "faithfulness_max": 1.0,
      "relevancy_mean": 0.2916666666666667,
      "relevancy_std": 0.5051814855409226,
      "relevancy_min": 0.0,
      "relevancy_max": 0.875,
      "n_scored": 3,
      "n_skipped": 0
    }
  }
}
